RELATOCLIENTE;PROBLEMA;RELATOCLIENTE_CLEAN
cliente entrou em contato informando que está sem sinal em sua internet, feito testes em sistema sem sucesso. ;Queda / Intermitência;cliente entrou contato informando esta sem sinal internet feito testes sistema sem sucesso 
CLIENTE COM QUEDAS REALIZEI OS TESTE E ENCAMINHEI Solicitação de Reset NGASP enviada com sucesso . CLIENTE GPON / SEM NGASP ;Queda / Intermitência;cliente com quedas realizei teste encaminhei solicitacao reset ngasp enviada com sucesso cliente gpon sem ngasp 
Cliente reclama de quedas e intermitência , procedimentos efetuados por favor tratar . Cliente não tem bloqueio em não tem massiva. ;Queda / Intermitência;cliente reclama quedas intermitencia procedimentos efetuados favor tratar cliente nao tem bloqueio nao tem massiva 
CLIENTE INFORMA QUE INTERNET ESTA COM QUEDAS HÁ MAIS DE 1 MÊS, FEITO OS PROCEDIMENTOS EM LINHA E NÃO FOI NORMALIZADO, O MESMO CONTINUA COM AS QUEDAS (OBS: MAQUINA NÃO MAPEIA PRINT) ;Queda / Intermitência;cliente informa internet esta com quedas mais feito procedimentos linha nao normalizado mesmo continua com quedas maquina nao mapeia print 
CLIENTE COM QUEDAS INTERMITENTES  ORIENTADO DO PROTOCOLO ENCAMINHADO E AGUARDA 48 HORAS ;Queda / Intermitência;cliente com quedas intermitentes orientado protocolo encaminhado aguarda horas 
Procedimentos realizados cliente reclamando de quedas.ONT Last Down Time 2020-12-28 19:44:52 Line Fiber Attenuation está verde. Cliente não tem computador. ;Queda / Intermitência;procedimentos realizados cliente reclamando quedas last down time line fiber attenuation esta verde cliente nao tem computador 
CLIENTE INFORMA QUE ESTA TENDO QUEDAS CONSTANTES NA CONEXAO . REALIZADOS OS TESTES COM SUCESSO . O MESMO CIENTE CASO O PROBLEMA PERSISTA RETORNAR A LIGAÇÃO. ;Queda / Intermitência;cliente informa esta tendo quedas constantes conexao realizados testes com sucesso mesmo ciente caso problema persista retornar ligacao 
cliente informa esta tendo quedas constantesde acordo com o ngasp a mesma consta 100 quedas dentro das ultimas 24 horas;Queda / Intermitência;cliente informa esta tendo quedas constantesde acordo com ngasp mesma consta quedas dentro ultimas horas
Cliente sem massiva e sem bloqueios, mas com bastantes quedas na conexão, foi feito os testes, para vê se normalizava e no ngasp consta Fast Retrain (REINIT) -REINIT over limit -28 Loss of Power (LPR DWN) -Dying Gasp Arrived -273 ;Queda / Intermitência;cliente sem massiva sem bloqueios com bastantes quedas conexao feito testes para ve normalizava ngasp consta fast retrain reinit reinit over limit loss power dying gasp arrived 
cliente informa que esta sem conexão , feito os procedimentos , conexão voltou ao normal ;Queda / Intermitência;cliente informa esta sem conexao feito procedimentos conexao voltou normal 
Cliente informa estar com quedas na conexão feito teste com sucesso. ;Queda / Intermitência;cliente informa estar com quedas conexao feito teste com sucesso 
cliente informa que esta tendo muitas quedas e ja foi feito outros procedimentos e voltou a cair , feito os procedimentos e caiu novamente ;Queda / Intermitência;cliente informa esta tendo muitas quedas feito outros procedimentos voltou cair feito procedimentos caiu novamente 
Caros , cliente reclama de falha na conexão/ quedas ,  foi orientado  a :  Desligar o Modem , foi resetado via NEGASP , PORÉM EM  NEGASP  CONSTA :  no período de 24horas a conexão do cliente  apresentar mais de 10 registros de  quedas nas últimas 24hs em intervalos a cada 15 min  , várias quedas :Fast Retrain   ;Queda / Intermitência;caros cliente reclama falha conexao quedas orientado desligar modem resetado negasp porem negasp consta periodo horas conexao cliente apresentar mais registros quedas ultimas intervalos cada varias quedas fast retrain 
cliente entra em contato para reclamar pois novamente estaria com quedas e ocilações , nos serviços . verificado em sistema que na aba DELT ESTA TENDO QUEDAS PRINTS ANEXADOS. ;Queda / Intermitência;cliente entra contato para reclamar pois novamente estaria com quedas ocilacoes servicos verificado sistema aba delt esta tendo quedas prints anexados 
Cliente informa que seu sinal está oscilando e caindo constantemente, sistema NGASP não identifica quedas e intermitências. Aberta solicitação para tratar problema. Realizado testes porém sem sucesso. ;Queda / Intermitência;cliente informa sinal esta oscilando caindo constantemente sistema ngasp nao identifica quedas intermitencias aberta solicitacao para tratar problema realizado testes porem sem sucesso 
Cliente reclama que sua internet esta com queda e intermitencia.;Queda / Intermitência;cliente reclama internet esta com queda intermitencia 
Acesso Banda-Larga por Rede Metálica (VDSL):Verificar se o problema ocorre.  Desligar o Modem   Resetar a porta da MSAN via sistemas Tela Única e NGASP   Verificar se o modem está ligado e sincronizado.   Conferir na aba Info > Delt Measurement se houveram 3 ou mais quedas.   Ir em Monitoring > Status e conferir se houveram 3 ou mais mudanças de status.   Consultar o campo Frequency Graph no NGASP para verificar se há oscilações de DOWNLOAD ou UPLOAD no link.   Se pelo menos uma das duas informações acima for verdadeira, prosseguir com o troubleshooting.   Informar ao cliente que a Rede Wireless pode sofrer diversas oscilações e interferências, não é possível garantir estabilidade/velocidade via WiFi.;Queda / Intermitência;acesso banda larga rede metalica vdsl verificar problema ocorre desligar modem resetar porta msan sistemas tela unica ngasp verificar modem esta ligado sincronizado conferir aba info delt measurement houveram mais quedas monitoring status conferir houveram mais mudancas status consultar campo frequency graph ngasp para verificar oscilacoes download upload link pelo menos duas informacoes acima verdadeira prosseguir com troubleshooting informar cliente rede wireless pode sofrer diversas oscilacoes interferencias nao possivel garantir estabilidade velocidade wifi 
Cliente com quedas intermitentes , ciente que temum chamado em aberto ;Queda / Intermitência;cliente com quedas intermitentes ciente temum chamado aberto 
CLIENTE QUESTIONA QUE ESTA COM QUEDAS FREQUENTE QUANDO CHOVE O MESMO INFORMA QUE FOI UM TECNICO , E INFORMOU QUE O CABO ESTA COM UMA IMENDA , O MESMO QUESTIONA QUE DESLIGA O MODEM POREM DEPOIS CAI NOVAMENTO ;Queda / Intermitência;cliente questiona esta com quedas frequente quando chove mesmo informa tecnico informou cabo esta com imenda mesmo questiona desliga modem porem depois cai novamento 
CLIENTE RECLAMA DE SUA INTERNET ESTA COM INTERMITENCIA , POREM EM SISTEMA CONSTA OSCILAÇÃOmapeia print indisponivel ;Queda / Intermitência;cliente reclama internet esta com intermitencia porem sistema consta oscilacaomapeia print indisponivel 
relata quedas de conexão e não foi identificada nenhuma oscilação via gpon chrome , orientada com 24h após procedimentos de quedas ;Queda / Intermitência;relata quedas conexao nao identificada nenhuma oscilacao gpon chrome orientada com apos procedimentos quedas 
internet apresenta quedas cliente reclama do problema informa que tem acontecido recorrente, procedimentos realizados verificado ferramentas foi normalizado a conexão;Queda / Intermitência;internet apresenta quedas cliente reclama problema informa tem acontecido recorrente procedimentos realizados verificado ferramentas normalizado conexao
Banda Larga Queda / Intermitência ;Queda / Intermitência;banda larga queda intermitencia 
TODOS OS PROCEDIMENTOS INFORMADO ACIMA FOI FEITO MAS REDE NÃO FOI NORMALIZADA VAI SER NECESSARIO REPARO  POR OCORRENCIA DA FALHA ACIMA NÃO COSNTA MASSIVA NO LOCAL AS INFORMAÇÕES DE FALHA E PRAZO PARA REPARO FOI PASSADA AO CLIENTE EM LINHA (MAQUINA EM HOME OFFICE SEM ACESSO EM MAPEIA PRINT;Queda / Intermitência;todos procedimentos informado acima feito rede nao normalizada necessario reparo ocorrencia falha acima nao cosnta massiva local informacoes falha prazo para reparo passada cliente linha maquina home office sem acesso mapeia print
CLIENTE ESTA COM QUEDAS NA INTERNET, FEITO OS TESTES AINDA ESTA COM QUEDAS;Queda / Intermitência;cliente esta com quedas internet feito testes ainda esta com quedas
SEM SINAL TESTES FEITOS A MESMA INFORMA QUE O SINAL FOI NORMALIZADO.;Queda / Intermitência;sem sinal testes feitos mesma informa sinal normalizado 
Cliente reclama de quedas e intermitência, procedimentos efetuados por favor tratar. Cliente não tem bloqueio em não tem massiva. ;Queda / Intermitência;cliente reclama quedas intermitencia procedimentos efetuados favor tratar cliente nao tem bloqueio nao tem massiva 
cliente com quedas na conexão , consultado sistema ngasp Fast Retrain (REINIT) REINIT over limit 102 , Loss of Power (LPR DWN) Dying Gasp Arrived 36 ;Queda / Intermitência;cliente com quedas conexao consultado sistema ngasp fast retrain reinit reinit over limit loss power dying gasp arrived 
Cliente informa estar com intermitencias na conexão . Computador home based não tira print . Cliente sem massivas e sem bloqueios.;Queda / Intermitência;cliente informa estar com intermitencias conexao computador home based nao tira print cliente sem massivas sem bloqueios 
cliente informa que as quedas de conexão acontecem tanto via wi-fi quanto em um aparelho cabeado, o mesmo diz que o modem desliga por completo e depois volta a operar normalmente. o (cliente em linha) perguntou sobre o possível envio de técnico na residência dele para realizar a verificação do problema.;Queda / Intermitência;cliente informa quedas conexao acontecem tanto wi quanto aparelho cabeado mesmo modem desliga completo depois volta operar normalmente cliente linha perguntou sobre possivel envio tecnico residencia dele para realizar verificacao problema 
usuário gpom reclama que pela manhã a conexão cai tempo todo . segundo ele pode ser que seja o modem pois vire mexe sai xiado do aparelho não foi identificado massiva no portal cop e nem no siebel nem massiva RFTTH . feito testes necessário  cliente alinhado que foi feito configuração no canal do wifi e sistema não identificou quedas.. mais em linha o mesmo inf que estava pelo cabo porém regman não identificou conexão cabeada.... e mesmo inf em linha que não foi resolvido o problema Cliente é um GPON Solicitação de Reset NGASP enviada com sucesso.;Queda / Intermitência;usuario gpom reclama pela manha conexao cai tempo todo segundo pode seja modem pois vire mexe xiado aparelho nao identificado massiva portal siebel massiva rftth feito testes necessario cliente alinhado feito configuracao canal wifi sistema nao identificou quedas mais linha mesmo estava pelo cabo porem regman nao identificou conexao cabeada mesmo linha nao resolvido problema cliente gpon solicitacao reset ngasp enviada com sucesso 
cliente informa que esta com intermitência, reiniciou o modem, aplicado reset na porta, cliente alega que todas as vezes que chove sua internet cai, ate o momento em registro só consta 1 queda, mas o mesmo já deseja solicitar o técnico pois em dias anteriores tem caído bem mais. ;Queda / Intermitência;cliente informa esta com intermitencia reiniciou modem aplicado reset porta cliente alega todas vezes chove internet cai momento registro consta queda mesmo deseja solicitar tecnico pois dias anteriores tem caido mais 
averiguei se era algum problema de massiva . pedi ao cliente desligar o modem.resetei a porta port eth resetei a porta on pedi para o cliente ligar o modem ;Queda / Intermitência;averiguei algum problema massiva pedi cliente desligar modem resetei porta port eth resetei porta pedi para cliente ligar modem 
Cliente entra em contato reclamando que esta sem acesso a internet ;Queda / Intermitência;cliente entra contato reclamando esta sem acesso internet 
CLIENTE INFORMA SEM INTERNET, REALIZADO O TESTE PORÉM MANTEM SEM CONEXÃO , APARECE COM QUEDAS INTERMITENTE NO NGASP , SEM MASSIVA , @ DE INTERNET DESLIGADO , PON ESTA EM VERMELHO/FAVOR VERIFICAR ;Queda / Intermitência;cliente informa sem internet realizado teste porem mantem sem conexao aparece com quedas intermitente ngasp sem massiva internet desligado esta vermelho favor verificar 
* INFORMA QUE DESDE QUANDO CONTRATOU DIA 01/12 A INTERNET OSCILA QUANDO AS LUZES DO POSTE ACENDEM  - * EM SISTEMA CONSTA QUE FOI ABERTO DIVERSAS RECLAMAÇÕES MAS NENHUMA RESOLVE PROBLEMA DO CLIENTE - *** ,SOLICITA QUE VERIFIQUEM O QUE ESTA ACONTECENDO - TESTE FEITO - PRINT INDISPONIVEL -;Queda / Intermitência; informa desde quando contratou internet oscila quando luzes poste acendem sistema consta aberto diversas reclamacoes nenhuma resolve problema cliente solicita verifiquem esta acontecendo teste feito print indisponivel 
cliente sem conexão, informa que o problema é frequente.mensagem: conectado, sem internet . devido fatura anterior que ficou 21 dias em aberto, cliente com status pre-redvel, atualização portal cop 1 realizada para ativo, reset e atualização portal cop 1 realizada, não consta massiva.//modem demorou sincronizar, constam quedas ngasp . Number of operational status changes 4 ;Queda / Intermitência;cliente sem conexao informa problema frequente mensagem conectado sem internet devido fatura anterior ficou dias aberto cliente com status redvel atualizacao portal realizada para ativo reset atualizacao portal realizada nao consta massiva modem demorou sincronizar constam quedas ngasp number operational status changes 
apos teste quedas permanecem;Queda / Intermitência;apos teste quedas permanecem
CLIENTE ENTRA EM CONTATO RECLAMANDO DA SUA CONEXÃO COM QUEDAS E INETREMITENCIA CONSTANTE SEM MASSIVA SEM BLOQUEIO TESTE REALIZADO SEGUINDO ARVORE SEM SUCESSO ;Queda / Intermitência;cliente entra contato reclamando conexao com quedas inetremitencia constante sem massiva sem bloqueio teste realizado seguindo arvore sem sucesso 
CLIENTE RECLAMA QUE TODA VEZ QUE CHOVE A CONEXÃO CAI ********** QUEDAS ********* Noise Margin Up Status	RUIM ****** CONSTAM 80 QUEDAS NO NGASP ********;Queda / Intermitência;cliente reclama toda chove conexao cai quedas noise margin up status ruim constam quedas ngasp 
cliente com intermitência no sinal, teste realizado sem sucesso.;Queda / Intermitência;cliente com intermitencia sinal teste realizado sem sucesso 
"Cliente já tinha gerado ordem de serviço, porém por engano respondeu ""sim"" ao ser questionado no whatsapp sobre normalização de serviço e ordem foi fechada";Queda / Intermitência;cliente tinha gerado ordem servico porem engano respondeu questionado whatsapp sobre normalizacao servico ordem fechada
cliente com queda de sinal e bastante intermitência de sinal.;Queda / Intermitência;cliente com queda sinal bastante intermitencia sinal 
CLIENTE RECLAMA  DE QUEDAS , FEITO TESTES ;Queda / Intermitência;cliente reclama quedas feito testes 
cliente com quedas Solicitação de Reset NGASP enviada com sucesso.;Queda / Intermitência;cliente com quedas solicitacao reset ngasp enviada com sucesso 
CLIENTE INFORMA QUE ESTA COM LENTIDÃO NA SUA INTERNET POREM FOI SEGUINDO ARVORE DECISÃO FOI REALIZADO TESTE FOI ENVIADO RESET POREM O SINAL  NÃO NORMALIZOU ;Queda / Intermitência;cliente informa esta com lentidao internet porem seguindo arvore decisao realizado teste enviado reset porem sinal nao normalizou 
CLIENTE INFORMA QUE CONEXÃO ESTA EXTREMAMENTE INSTAVEL COM QUEDAS. NÃO POSSUI BLOQUEIO OU MASSIVA.. REALIZADOS TESTES ;Queda / Intermitência;cliente informa conexao esta extremamente instavel com quedas nao possui bloqueio massiva realizados testes 
Cliente com muitas quedas//intermitências em sua conexão, realizados procedimentos e verificado no NGASP consta mais de 3 quedas em Delt Measurement e oscilações de download e upload no link no campo: Frequency Graph . Prints anexados no siebel. ;Queda / Intermitência;cliente com muitas quedas intermitencias conexao realizados procedimentos verificado ngasp consta mais quedas delt measurement oscilacoes download upload link campo frequency graph prints anexados siebel 
CLIENTE ENTRA EM CONTATO DEVIDO INTEMITENCIAS NA SUA CONEXÃO SEM MASSIVA OU BLOQUEIO CLIENTE NÃO PODE REALIZAR OS PROCEDIMENTOS, VAI RETORNAR CASO AS FALHAS PESISTIREM;Queda / Intermitência;cliente entra contato devido intemitencias conexao sem massiva bloqueio cliente nao pode realizar procedimentos retornar caso falhas pesistirem
Procedimentos realizados . Cliente com 26 quedas . Ir em Monitoring: não teve mudança de status . Frequency Graph : não teve oscilação. ;Queda / Intermitência;procedimentos realizados cliente com quedas monitoring nao teve mudanca status frequency graph nao teve oscilacao 
cliente reclama que esta sem acesso a internet / sem massiva sem bloqueio / sistemas indicam sem sincronismo MSAN:	Nao sincronizada	;Modem sem sincronismo;cliente reclama esta sem acesso internet sem massiva sem bloqueio sistemas indicam sem sincronismo msan nao sincronizada 
Cliente  informa que esta sem  sinal de internet . Sem massiva (Nenhum registro foi encontrado) e sem bloqueio por fatura . Ledes apagados em modem . Modem sem sincronismo . Testes sem sucesso. ;Modem sem sincronismo;cliente informa esta sem sinal internet sem massiva nenhum registro encontrado sem bloqueio fatura ledes apagados modem modem sem sincronismo testes sem sucesso 
CLIENTE RECLAMA QUE SUA INTERNET ESTA SEM CONEXÃO, POREM POSSUI FALHA DE SINCRONISMO.;Modem sem sincronismo;cliente reclama internet esta sem conexao porem possui falha sincronismo 
Cliente informa que está sem conexão, realizado testes...sem sucesso.;Modem sem sincronismo;cliente informa esta sem conexao realizado testes sem sucesso 
cliente relata esta sem internet salvo na base de dados para não receber contato via WhatsApp Solicitação de Reset NGASP enviada com sucesso . cliente relata que ligou pra ela para fazer os reparos pelo telefone menos , a mais a tecnica relatou que a senhora precisa de uma visita tecnica presencial, porque o problema é no poste ;Modem sem sincronismo;cliente relata esta sem internet salvo base dados para nao receber contato whatsapp solicitacao reset ngasp enviada com sucesso cliente relata ligou para fazer reparos pelo telefone menos mais tecnica relatou senhora precisa visita tecnica presencial porque problema poste 
cliente sem sinal feito testes sem sucesso;Modem sem sincronismo;cliente sem sinal feito testes sem sucesso
cliente informa que estava com problema de conexão, o tecnico era pra comparecer dia 28/12, a mesma informa que tem prints confirmando essa data, foi feito pedido de desculpas, realizado os procedimentos, conexão voltou ao normal;Modem sem sincronismo;cliente informa estava com problema conexao tecnico comparecer mesma informa tem prints confirmando essa data feito pedido desculpas realizado procedimentos conexao voltou normal
cliente informa que estava com problema de conexão, o tecnico era pra comparecer dia 28/12, a mesma informa que tem prints confirmando essa data, foi feito pedido de desculpas, realizado os procedimentos, conexão voltou ao normal;Modem sem sincronismo;cliente informa estava com problema conexao tecnico comparecer mesma informa tem prints confirmando essa data feito pedido desculpas realizado procedimentos conexao voltou normal
Cliente informa estar sem conexão. Computador home based não tira print . Cliente sem massivas e sem bloqueios . ;Modem sem sincronismo;cliente informa estar sem conexao computador home based nao tira print cliente sem massivas sem bloqueios 
cliente sem sinal de internet já desligou o modem dz nergia e ligou novamente   mesmo assim m continua  pedi para desliga o modem agira  informei que seria feito alguns procedimento  com equipamento que fica na rua   ciente de    reset  no cop  2 e ngasp   feito os teste sem sucesso;Modem sem sincronismo;cliente sem sinal internet desligou modem nergia ligou novamente mesmo assim continua pedi para desliga modem agira informei seria feito alguns procedimento com equipamento fica ciente reset ngasp feito teste sem sucesso
CLIENTE SEM SINCRONISMO E SEM MASSIVA LIGAÇÃO CAIU;Modem sem sincronismo;cliente sem sincronismo sem massiva ligacao caiu
CLIENTE INFORMA QUE ESTA SEM ACESSO A INTERNET , NAO A MASSIVA , FEITOS OS TESTES , NAO VOLTOU CONFORME PROCEDIMENTO,,, ...Mensagem enviada para o WhatsApp ;Modem sem sincronismo;cliente informa esta sem acesso internet nao massiva feitos testes nao voltou conforme procedimento mensagem enviada para whatsapp 
CLIENTE SEM SINAL DE INTERNET FEITO TESTES COM A MESMA EM LINHA NÃO NOMALIZOU ,FAVOR VERIFICAR ;Modem sem sincronismo;cliente sem sinal internet feito testes com mesma linha nao nomalizou favor verificar 
SEM SINAL DE INTERNET, REALIZADO TESTES SEM SUCESSO;Modem sem sincronismo;sem sinal internet realizado testes sem sucesso
CLIENTE INFORMA QUE ESTA SEM SINAL DE INTERNET POREM FOI SEGUINDO ARVORE DECISÃO FOI REALIZADO  TESTES ENVIADO RESET POREM O SINAL NORMALIZOU;Modem sem sincronismo;cliente informa esta sem sinal internet porem seguindo arvore decisao realizado testes enviado reset porem sinal normalizou
Após analises cliente informa estar sem conexão, identificamos que o mesmo se encontra sem sincronismo, não consta massiva no portal cop conforme consulta, realizados testes no modem sem sucesso.MAQUINA HOME OFFICE NÃO HABILITA PRINT RMAGSDR-SABR04-01: [9013] BackEnd Error on getBRASSessionInfo: No sessions found matching criteria. ;Modem sem sincronismo;apos analises cliente informa estar sem conexao identificamos mesmo encontra sem sincronismo nao consta massiva portal conforme consulta realizados testes modem sem sucesso maquina home office nao habilita print rmagsdr sabr backend error getbrassessioninfo sessions found matching criteria 
cliente informa que esta sem sinal de internet a vários dias já foi aberto uma solicitação técnica que foi dado baixa como massiva porem a mesma continua sem sinal;Modem sem sincronismo;cliente informa esta sem sinal internet varios dias aberto solicitacao tecnica dado baixa como massiva porem mesma continua sem sinal
cliente sem conexão , luz da internet apagada , não foi identificado massiva, realizado os procedimentos e constatado sem sincronismo Mensagem enviada para o WhatsApp , máquina não habilita o print**em home office ;Modem sem sincronismo;cliente sem conexao luz internet apagada nao identificado massiva realizado procedimentos constatado sem sincronismo mensagem enviada para whatsapp maquina nao habilita print home office 
cliente entra em contato e informa que estar sem sinal de internet efetuado os teste porem sem sucesso;Modem sem sincronismo;cliente entra contato informa estar sem sinal internet efetuado teste porem sem sucesso
cliente reclama que esta sem conexão, feito testes, problema permanece.;Modem sem sincronismo;cliente reclama esta sem conexao feito testes problema permanece 
Modem sem sincronismo / BROADBAND / PONStatus do led acima: Piscando ou Apagado -> Sem Sincronismo / Sem Sinal de IntenetStatus do led: @ ou Internet apagados Apagados testes realizados  nao tem massiva nem bloqueo mativo ;Modem sem sincronismo;modem sem sincronismo broadband ponstatus led acima piscando apagado sem sincronismo sem sinal intenetstatus led internet apagados apagados testes realizados nao tem massiva bloqueo mativo 
cliente sem sinal testes realizados sem sucesso modem com lead apagado;Modem sem sincronismo;cliente sem sinal testes realizados sem sucesso modem com lead apagado
"Cliente informa que esta sem conexão. Não consta massiva e nem bloqueio por inadimplência . Realizado procedimentos sugeridos pela ""árvore de decisão"" mas sem retorno de conexão. ";Modem sem sincronismo;cliente informa esta sem conexao nao consta massiva bloqueio inadimplencia realizado procedimentos sugeridos pela arvore decisao sem retorno conexao 
SR ENTRA EM CONTATO E INFORMA QUE ESTA SEM SINAL DA SUA BANDA LARGA , FORAM REALIZADO OS TESTES ACIMA SEM SUCESSO , POIS O MESMO INFORMA QUE PERMANECE SEM O SINAL DA SUA BANDA LARGA , FOI GERADA UMA OTT COM O PRAZO DE 24 HORAS PARA QUE SEJE CONCRETIZADA.;Modem sem sincronismo;sr entra contato informa esta sem sinal banda larga foram realizado testes acima sem sucesso pois mesmo informa permanece sem sinal banda larga gerada com prazo horas para seje concretizada 
CLIENTE RELATA QUE ESTA SEM CONEXÃO . NÃO CONSTA BLOQUEIO NEM MASSIVA. SEGUNDO INF.O REDE ESTA SEM SINCRONISMO.**Solicitação de Reset NGASP enviada com sucessoAPOS TESTES CLIENTE PERMANECE SEM A CONEXÃO.(PRINT SEGUE EM ANEXO.);Modem sem sincronismo;cliente relata esta sem conexao nao consta bloqueio massiva segundo rede esta sem sincronismo solicitacao reset ngasp enviada com sucessoapos testes cliente permanece sem conexao print segue anexo 
"Cliente informa que esta sem conexão. Não consta massiva e nem bloqueio por inadimplência . Realizado procedimentos sugeridos pela ""árvore de decisão"" mas sem retorno de conexão.";Modem sem sincronismo;cliente informa esta sem conexao nao consta massiva bloqueio inadimplencia realizado procedimentos sugeridos pela arvore decisao sem retorno conexao 
CLIENTE COM PROBLEMA DE CONEXÃO COM A INTERNET APÓS FEITO TESTES EM LINHA FOI IDENTIFICADO FALHA NO SINCRONISMO, MODEM REINICIADO E PORTA RESETADA SEM SUCESSO.   SEM MASSIVA / SEM BLOQUEIO POR INADIMPLÊNCIA E INVERSÕES DE CABO TAMBÉM SEM SUCESSO. FOI INFORMADO UM PRAZO DE NO MÁXIMO 48HORAS PARA TENICO NA RESDENCIA E PROCEDIMENTO VIA WHATSAPP CONCLUIDO.;Modem sem sincronismo;cliente com problema conexao com internet apos feito testes linha identificado falha sincronismo modem reiniciado porta resetada sem sucesso sem massiva sem bloqueio inadimplencia inversoes cabo tambem sem sucesso informado prazo maximo horas para tenico resdencia procedimento whatsapp concluido 
Cliente informa que esta sem conexão. Cliente sem massiva e sem bloqueio.;Modem sem sincronismo;cliente informa esta sem conexao cliente sem massiva sem bloqueio 
cliente informa sem conexão internet voltou a funcionar normalmente enquanto estava na ligação com o cliente   não email     ;Modem sem sincronismo;cliente informa sem conexao internet voltou funcionar normalmente enquanto estava ligacao com cliente nao email 
CLIENTE ESTA SEM SINCRONISMO, APOS OS TESTES SUA INTERNET NÃO NORMALIZOU ;Modem sem sincronismo;cliente esta sem sincronismo apos testes internet nao normalizou 
CLIENTE COM FALHA PRA UTILIZAR A INTERNET, INFORMA QUE O @ ESTÁ APAGADO. APÓS TESTES A FALHA PERMANECE . CLIENTE RELATA QUE FIOS FORAM ROMPIDOS POR CAMINHÃO.;Modem sem sincronismo;cliente com falha utilizar internet informa esta apagado apos testes falha permanece cliente relata fios foram rompidos caminhao 
Cliente informou que esta sem conexão, luz do @ apagada, nao consta massiva e nem bloqueio, realizei procedimentos porem sem sucesso;Modem sem sincronismo;cliente informou esta sem conexao luz apagada nao consta massiva bloqueio realizei procedimentos porem sem sucesso
CLIENTE SE NEGA A REALIZAR OS TESTES, ESTA SEM CONEXÃO A INTERNET POIS INFORMA QUE O TECNICO EXPLICOU QUE ESTA TENDO UM PROBLEMA NA CAIXA QUE A CAPACIDADE ;Modem sem sincronismo;cliente nega realizar testes esta sem conexao internet pois informa tecnico explicou esta tendo problema caixa capacidade 
Cliente que possui o Telefone respondeu SIM na Mensagem Recebida pelo WhatsApp . Cliente sem internet desde às 12 da data de hoje . ;Modem sem sincronismo;cliente possui telefone respondeu mensagem recebida pelo whatsapp cliente sem internet desde data hoje 
CLIENTE RECLAMA QUE ESTA SEM CONEXÃO.;Modem sem sincronismo;cliente reclama esta sem conexao 
Cliente sem conexão. Feito procedimentos em sistema, mas cliente não confirma normalização, sendo necessária abertura de OTT. Sem massiva no COP.------------------------------------------------------------------------------------;Modem sem sincronismo;cliente sem conexao feito procedimentos sistema cliente nao confirma normalizacao sendo necessaria abertura sem massiva 
O cliente informa que está sem conexão , foi realizado os procedimentos em linha mas a conexão com a banda larga não foi normalizada . FOI VERIFICADO NO COP QUE NÃO CONSTA MASSIVA. ;Modem sem sincronismo;o cliente informa esta sem conexao realizado procedimentos linha conexao com banda larga nao normalizada verificado nao consta massiva 
CLIENTE SEM CONEXÃO HÁ 4 DIAS, LED DA INTERNET APAGADO. NÃO HÁ MASSIVA E OS TESTES FORAM REALIZADOS CONFORME A ÁRVORE MAS SEM SUCESSO.;Modem sem sincronismo;cliente sem conexao dias led internet apagado nao massiva testes foram realizados conforme arvore sem sucesso 
Cliente sem conexão com sua internet, feito testes e não normalizou.;Modem sem sincronismo;cliente sem conexao com internet feito testes nao normalizou 
CLIENTE INFO QUE ESTÁ SEM CONEXÃO DEVIDO A CABO ROMPIDO POR CONTA DE OBRA EM SUA RESIDÊNCIA, NÃO CONSTA MASSIVA, NÃO CONSTA BL. INADIMP. EM NGASP HÁ FALHA DE SINCRONISMO, CLIENTE CIENTE DE ABERTURA DE OTT PARA REPARO E DE TODOS OS PROCEDIMENTOS, PRINT INDISPONÍVEL.;Modem sem sincronismo;cliente info esta sem conexao devido cabo rompido conta obra residencia nao consta massiva nao consta inadimp ngasp falha sincronismo cliente ciente abertura para reparo todos procedimentos print indisponivel 
TODOS PROCEDIMENTOS FEITOS E CONTINUA SEM SINCRONISMO;Modem sem sincronismo;todos procedimentos feitos continua sem sincronismo
CLIENTE RECLAMA QUE SUA INTERNET ESTA SEM CONEXÃO, POREM POSSUI FALHA DE SINCRONISMO.;Modem sem sincronismo;cliente reclama internet esta sem conexao porem possui falha sincronismo 
CLIENTE INFORMA , QUE ESTA SEM INTERNETSEM BLOQUEIO/SEM MASSIVADESLIGOU O MODEME A LUZ DA INTERNET , CONTINUA APAGADA TEVE QUE AGENDAR A VISITA TECNICAPORTAL ADCCMensagem enviada para o WhatsApp, TEM O PRINT ;Modem sem sincronismo;cliente informa esta sem internetsem bloqueio sem massivadesligou modeme luz internet continua apagada teve agendar visita tecnicaportal adccmensagem enviada para whatsapp tem print 
cliente informa que esta sem conexão desde da parte da manhã o modem, esta sem sincronismo não consta massiva ;Modem sem sincronismo;cliente informa esta sem conexao desde parte manha modem esta sem sincronismo nao consta massiva 
Cliente sem conexão, não consta massiva, sem sincronismo ngasp , reset realizado , problema persiste . ;Modem sem sincronismo;cliente sem conexao nao consta massiva sem sincronismo ngasp reset realizado problema persiste 
CLIENTE INFORMA QUE ESTA SEM INTERNET , NÃO CONSTA MASSIVA E NEM BLOQUEIO . REALIZAMOS OS TESTE E NÃO FOI NORMALIZADO . OBS : MAQUINA NÃO TIRA PRINT. ;Modem sem sincronismo;cliente informa esta sem internet nao consta massiva bloqueio realizamos teste nao normalizado maquina nao tira print 
REALIZADO TESTES SEM SUCESSO LEDS ACESA DO MODEM POWER  E ETHERNET;Modem sem sincronismo;realizado testes sem sucesso leds acesa modem power ethernet
CLIENTE RECLAMA AUSENCIA DA INTERNET - SOLICITADO OS PROCEDIMENTOS, NÃO TEM MASSIVA(PRINT INDISPONIVEL);Modem sem sincronismo;cliente reclama ausencia internet solicitado procedimentos nao tem massiva print indisponivel 
CLIENTE RECLAMA QUE ESTA SEM CONEXÃO  Á 3 DIAS . POR CONTA DE FIOS REMENDADOS , ATUALIZADO SINAL SEM SUCESSO (SEM MASSIVA ) (CLIENTE CADASTRADA NO PORTAL ADCC-TIM)- TITULAR EM LINHA PAMELA;Modem sem sincronismo;cliente reclama esta sem conexao dias conta fios remendados atualizado sinal sem sucesso sem massiva cliente cadastrada portal adcc titular linha pamela
cliente sem sinal de internet e telefone, teste realizado sem sucesso.;Modem sem sincronismo;cliente sem sinal internet telefone teste realizado sem sucesso 
Falha Massiva - Metálico	ABERTA	Outros ;Massiva;falha massiva metalico aberta outros 
Cliente ciente do prazo da massiva de 8 horas ;Massiva;cliente ciente prazo massiva horas 
Informado o prazo de 24 horas devido a massiva ser massiva fora do prazo  maquina sem mapeia print ;Massiva;informado prazo horas devido massiva massiva fora prazo maquina sem mapeia print 
Massiva (Massiva)  Motivo:Outros;Massiva;massiva massiva motivo outros
Consultar o Service ID no Portal COP 2.0 e verificar se há indisponibilidade / manutenção de rede para o cliente (NTT, RMT, MPP ou MPS)     Massivas '= Para NTT o prazo é de até 8 horas e RMT/MPP/MPS o prazo é de 24 horas  ;Massiva;consultar service portal verificar indisponibilidade manutencao rede para cliente massivas para prazo horas prazo horas 
CLIENTE ESTA COM MASSIVA EM SUA REGIÃO, ORIENTADO AGUARDAR O PRAZO DE 8h PARA NORMALIZAÇÃO.;Massiva;cliente esta com massiva regiao orientado aguardar prazo para normalizacao 
cliente sem internet desde ontem  tem massiva Massiva CRT ATIVO HISTORICO Id da massiva	Data de criação	Data de Fechamento	Tipo	Status	Motivo 	28-12-2020 05:20:00	-	Falha Massiva - Metálico	ABERTA	Outros;Massiva;cliente sem internet desde ontem tem massiva massiva ativo historico massiva data criacao data fechamento tipo status motivo falha massiva metalico aberta outros
cliente com massiva  28-12-2020 16:36:23 Falha Massiva - GPON ;Massiva;cliente com massiva falha massiva gpon 
28-12-2020 11:52:00	-	Manutenção Programada Rede Secundária	ABERTA	;Massiva; manutencao programada rede secundaria aberta 
CLIENTE ESTA COM MASSIVA EM SUA REGIÃO, ORIENTADO AGUARDAR O PRAZO DE 24H PARA NORMALIZAÇÃO.;Massiva;cliente esta com massiva regiao orientado aguardar prazo para normalizacao 
CLIENTE ESTA SEM CONEXÃO ;Massiva;cliente esta sem conexao 
Cliente com massiva em ativo desde o dia 14/12/2020, cliente de área de risco. Orientada a aguardar.;Massiva;cliente com massiva ativo desde cliente area risco orientada aguardar 
MASSIVA;Massiva;massiva
Motivo da Ligação : Cliente questiona falta de conexão , consta massiva por RMT no local.;Massiva;motivo ligacao cliente questiona falta conexao consta massiva local 
Massiva:	RMT_157084 (Massiva)	  Motivo :	Outros ;Massiva;massiva rmt massiva motivo outros 
CLIENTE RECLAMA AUSENCIA DA INTERNET - INFORMADO SOBRE MASSIVA - PRAZO DE 24HORAS	28-12-2020 09:13:47	Falha Massiva - GPON	pending;Massiva;cliente reclama ausencia internet informado sobre massiva prazo horas falha massiva gpon pending
Cliente ciente do prazo da massiva de 8 horas;Massiva;cliente ciente prazo massiva horas
Massiva: (Massiva)	  Motivo:	Outros ** Prazo: 24h;Massiva;massiva massiva motivo outros prazo h
Rede se encontra com massiva:  Manobra Primario:	Msan   Massiva:	 	  Motivo:	Interrupção de Rede - InterrupçãoNormalização no prazo de 8 horas;Massiva;rede encontra com massiva manobra primario msan massiva motivo interrupcao rede interrupcaonormalizacao prazo horas
SEM INTERNET 	28-12-2020 09:29:45	Falha  o prazo é de 24 horas;Massiva;sem internet falha prazo horas
CLIENTE MASSIVA SEM PRAZO;Massiva;cliente massiva sem prazo
Consultar o Service ID no Portal COP 2.0 e verificar se há indisponibilidade / manutenção de rede para o cliente Para NTT o prazo é de até 8 horas e RMT/MPP/MPS o prazo é de 24 horas  Verificar  Se o cliente tiver um link GPON, acessar o portal de massivas FTTH, atualizar a página(F5) e inserir o código da caixa CDOE do cliente (consultar pelo Portal COP GPON)Falei com: ;Massiva;consultar service portal verificar indisponibilidade manutencao rede para cliente para prazo horas prazo horas verificar cliente tiver link gpon acessar portal massivas ftth atualizar pagina inserir codigo caixa cdoe cliente consultar pelo portal gpon falei com 
CLIENTE ESTA SEM CONEXÃO, CONTEM MASSIVA. ;Massiva;cliente esta sem conexao contem massiva 
cliente ciente de 24 hrs.;Massiva;cliente ciente 
Cliente questiona falta de conexão, consta massiva no local por RMT.;Massiva;cliente questiona falta conexao consta massiva local 
MASSIVA;Massiva;massiva
Cliente informa estar sem conexão . Computador home based não tira print . Cliente possui problemas massivos na região, prazo de normalização de 8 a 24 horas.;Massiva;cliente informa estar sem conexao computador home based nao tira print cliente possui problemas massivos regiao prazo normalizacao horas 
Consultar o Service ID no Portal COP 2.0 e verificar se há indisponibilidade / manutenção de rede para o cliente (NTT, RMT, MPP ou MPS)     Massivas '= Para NTT o prazo é de até 8 horas e RMT/MPP/MPS o prazo é de 24 horas;Massiva;consultar service portal verificar indisponibilidade manutencao rede para cliente massivas para prazo horas prazo horas
Cliente sem acesso a internet , massiva . Cliente ciente do prazo de 8 horas para normalizar.;Massiva;cliente sem acesso internet massiva cliente ciente prazo horas para normalizar 
Manutenção Programada Rede Primária	ABERTA	PRASO PARA O RESTABELECIMENTO DO SINAL DE INTERNET É DE ATE 24 H CLIENTE RECLAMA QUE TEM QUE SER AVISADO QUANDO TIVER ESSE TIPO DE MANUTENÇÃO PARA ELE NÃO SER PEGO DE SURPRESA POIS ELE TRABALHA COM A INTERNET ;Massiva;manutencao programada rede primaria aberta praso para restabelecimento sinal internet cliente reclama tem avisado quando tiver esse tipo manutencao para nao pego surpresa pois trabalha com internet 
Manobra Primario:	Msan   Massiva  Motivo:	Interrupção de Rede - Interrupção ;Massiva;manobra primario msan massiva motivo interrupcao rede interrupcao 
Massiva:	 (Massiva)	  Motivo:	Par Secundário;Massiva;massiva massiva motivo par secundario
 28-12-2020 05:20:00 -  Falha Massiva - Metálico ABERTA  ;Massiva; falha massiva metalico aberta 
28-12-2020 13:09:00	-	Manutenção Programada Rede Secundária	ABERTA;Massiva; manutencao programada rede secundaria aberta
SEM CONEXÃO . ORIENTADO A AGUARDAR , CONFORME A MASSIVA NO COP E INFOLIVE DE 8 HORAS. ;Massiva;sem conexao orientado aguardar conforme massiva infolive horas 
	28-12-2020 08:52:59	-	Falha Massiva - Metálico	ABERTA	Outros;Massiva; falha massiva metalico aberta outros
Cliente informa estar sem conexão . Computador home based não tira print  . Cliente possui problemas massivos na região , prazo de normalização de 8 a 24 horas .	Fault Massive - GPON ;Massiva;cliente informa estar sem conexao computador home based nao tira print cliente possui problemas massivos regiao prazo normalizacao horas fault massive gpon 
CLIENTE COM CONEXAO RUIM   Massiva:	 (Massiva)	  Motivo:	Outros LIGACAO CAI E RETRONO COM SUCESSO;Massiva;cliente com conexao ruim massiva massiva motivo outros ligacao cai retrono com sucesso
Motivo:	Interrupção de Rede - Interrupção ;Massiva;motivo interrupcao rede interrupcao 
CLIENTE INFORMA QUE ESTA SEM INTERNET , AO VERIFICAR NO COP 2 CONSTA MASSIVA EM ABERTO.;Massiva;cliente informa esta sem internet verificar consta massiva aberto 
ABERTO Interrupção de Rede - Interrupção ;Massiva;aberto interrupcao rede interrupcao 
Cliente relata que esta sem conexão  Massiva:	;Massiva;cliente relata esta sem conexao massiva 
Id da massiva	Manutenção Programada Rede Secundária	ABERTA	- orientada com 24h ;Massiva;id massiva manutencao programada rede secundaria aberta orientada com 
 (Massiva) ;Massiva; massiva 
Massiva:  (Massiva)	  Motivo:	Remodelagem ;Massiva;massiva massiva motivo remodelagem 
Orientado ao prazo ;Massiva;orientado prazo 
Interrupção de Rede - Interrupção ;Massiva;interrupcao rede interrupcao 
sra kelly sem sinal , massiva prazo de ate 08hrs. ;Massiva;sra kelly sem sinal massiva prazo 
Cliente sem conexão , verificado em sistema consta massiva sendo assim orientada para aguardar em até 24 horas para normalização. ;Massiva;cliente sem conexao verificado sistema consta massiva sendo assim orientada para aguardar horas para normalizacao 
Manutenção Programada Rede Secundária	ABERTACliente com pendências  Eu Sei - Procedimentos ;Massiva;manutencao programada rede secundaria abertacliente com pendencias procedimentos 
CLIENTE RECLAMA DA SUA INETRENET SEM NAVEGAÇÃO SEM MASSIVA SEM BLOQUEIO TESTE REALIZADO SEM SUCESSO ;Modem sincronizado e autenticado;cliente reclama inetrenet sem navegacao sem massiva sem bloqueio teste realizado sem sucesso 
CLIENTE ESTA SEM CONEXAO DES DO DIA  25 FIZ TODOS OS TESTE COM CLIENTE E O MESMO INFORMA QUE LUZ DO @ TA APAGADO POREM NO SISTEMA CONSTA SINCRONIZADO ;Modem sincronizado e autenticado;cliente esta sem conexao todos teste com cliente mesmo informa luz apagado porem sistema consta sincronizado 
Cliente   informa que esta sem  sinal de internet e sem telefone . Sem massiva (Nenhum registro foi encontrado) e sem bloqueio por fatura. Ledes acessos em modem.  Cliente é um VDSL. Ligação muda , caiu. Retorno indisponivel erro em cisco. Passado caso a supervisão.;Modem sincronizado e autenticado;cliente informa esta sem sinal internet sem telefone sem massiva nenhum registro encontrado sem bloqueio fatura ledes acessos modem cliente vdsl ligacao muda caiu retorno indisponivel erro cisco passado caso supervisao 
SEM CONEXÃO , MASSIVA OU BLOQUEIO. MSAN OFFLINE . LUZ INTERNET APAGADA. REALIZADO RESET DE PORTA E SOLICITADO QUE DESLIGUE O MODEM POR 10S ;Modem sincronizado e autenticado;sem conexao massiva bloqueio msan offline luz internet apagada realizado reset porta solicitado desligue modem 
CLIENTE ESTA SEM CONEXÃO;Modem sincronizado e autenticado;cliente esta sem conexao
Cliente entra em contato reclamando que está sem acesso a internet. Foi verificado no sistema NGASP que a conexão está sincronizada, então foi pedido para que o cliente desligasse o modem para atualizar o plano no sistema. Assim que o modem ligou e sincronizou novamente, o cliente confirmou normalização.;Modem sincronizado e autenticado;cliente entra contato reclamando esta sem acesso internet verificado sistema ngasp conexao esta sincronizada entao pedido para cliente desligasse modem para atualizar plano sistema assim modem ligou sincronizou novamente cliente confirmou normalizacao 
Desligar o Modem Resetar a porta da MSAN via sistemas Tela Única e NGASP e religar o modem. Confirmar no Regman se cliente está navegando na rede local por cabo (se não estiver exibindo o dispositivo, clicar em Update State) Se o cliente não for GPON e não for Empresas (IP Fixo), consultar e atualizar o perfil no Portal COP 1.0 (AAA)sem conecções via cabo ;Modem sincronizado e autenticado;desligar modem resetar porta msan sistemas tela unica ngasp religar modem confirmar regman cliente esta navegando rede local cabo nao estiver exibindo dispositivo clicar update state cliente nao gpon nao empresas fixo consultar atualizar perfil portal sem coneccoes cabo 
cliente informa que esta sem conexão, após realizado os procedimentos o problema foi resolvido ;Modem sincronizado e autenticado;cliente informa esta sem conexao apos realizado procedimentos problema resolvido 
Cliente informa que a internet parou de funcionar no dia do vencimento da fatura, porém não consta nenhum bloqueio e nem redução por falta de pagamento. ;Modem sincronizado e autenticado;cliente informa internet parou funcionar vencimento fatura porem nao consta nenhum bloqueio reducao falta pagamento 
Desligar o Modem     Resetar a porta da MSAN via sistemas Tela Única e NGASP e religar o modem.     Confirmar no Regman se cliente está navegando na rede local por cabo (se não estiver exibindo o dispositivo, clicar em Update State)     Se o cliente não for GPON e não for Empresas (IP Fixo), consultar e atualizar o perfil no Portal COP 1.0 (AAA)     Pedir para cliente acessar o endereço do modem: 192.168.1.1     Verificar encaixe do cabo modem e no computador.   ;Modem sincronizado e autenticado;desligar modem resetar porta msan sistemas tela unica ngasp religar modem confirmar regman cliente esta navegando rede local cabo nao estiver exibindo dispositivo clicar update state cliente nao gpon nao empresas fixo consultar atualizar perfil portal pedir para cliente acessar endereco modem verificar encaixe cabo modem computador 
cliente sem conexão não consta massiva realizado testes não foi normalizado maquina sem print ;Modem sincronizado e autenticado;cliente sem conexao nao consta massiva realizado testes nao normalizado maquina sem print 
cliente informa que ta sem internet feito os procedimentos acima , maquina nao esta anexando os prints;Modem sincronizado e autenticado;cliente informa sem internet feito procedimentos acima maquina nao esta anexando prints
CLIENTE ENTRA EM CONTATO INFORMANDO QUE ESTA SEM CONEXÃO, NÃO CONSTA MASSIVA. CLIENTE RELATA QUE A LUZ DO @ ESTA ACESSA EM SISTEMA MOSTRA QUE ESTA COM O PROBLEMA DE NÃO NAVEGA.OBS: ATENDENTE EM HOME OFFICE, NÃO TEM PRINT!;Modem sincronizado e autenticado;cliente entra contato informando esta sem conexao nao consta massiva cliente relata luz esta acessa sistema mostra esta com problema nao navega atendente home office nao tem print 
CLIENTE SEM CONEXAO REALIZEI OS TESTE E NAO VOLTOU @ ACESSA Solicitação de Reset NGASP enviada com sucesso. ;Modem sincronizado e autenticado;cliente sem conexao realizei teste nao voltou acessa solicitacao reset ngasp enviada com sucesso 
cliente sem internet  nao  a massiva ;Modem sincronizado e autenticado;cliente sem internet nao massiva 
sem conexão totalmente ;Modem sincronizado e autenticado;sem conexao totalmente 
SR RELATA QUE NÃO ESTA CONSEGUINDO CONECTAR VIA CABO, TESTOU EM QUALQUER UMA DAS PORTAS MAS NÃO CONECTA. APÓS TESTES CONFIRMA NORMALIZAÇÃO E TESTE PELA CABEADA BATEU AS 400MB COM A CONTRATADA.;Modem sincronizado e autenticado;sr relata nao esta conseguindo conectar cabo testou qualquer portas nao conecta apos testes confirma normalizacao teste pela cabeada bateu com contratada 
cliente informa sem conexão , modem sincronizado;Modem sincronizado e autenticado;cliente informa sem conexao modem sincronizado
RESETADO O NGASP E TELA ÚNICA, MAS SEM SUCESSO APÓS OS TESTES. salvo na base de dados para não receber contato via WhatsApp.;Modem sincronizado e autenticado;resetado ngasp tela unica sem sucesso apos testes salvo base dados para nao receber contato whatsapp 
cliente sem sinal total ;Modem sincronizado e autenticado;cliente sem sinal total 
cliente não esta conseguindo conectar via cabo , sem internet  no computador;Modem sincronizado e autenticado;cliente nao esta conseguindo conectar cabo sem internet computador
CLIENTE ESTÁ SEM CONEXÃO, PORÉM O LED DA INTERNET ESTÁ ACESO MAS SEM SUCESSO, OS TESTES FORAM REALIZADOS CONFORME A ÁRVORE MAS SEM SUCESSO ;Modem sincronizado e autenticado;cliente esta sem conexao porem led internet esta aceso sem sucesso testes foram realizados conforme arvore sem sucesso 
CLIENTE INFO QUE ESTÁ SEM CONEXÃO, NÃO CONSTA MASSIVA, NÃO CONSTA BL. INADIMP. EM NGASP SINCRONISMO OK, CONSTA 1 QUEDA EM DELT M., CLIENTE ELEGÍVEL CAPTIVE, PORÉM COMO NÃO CONSTA NENHUM DÉBITO, FOI EFETUADA TODAS AS ATUALIZAÇÕES, CLIENTE CIENTE DE TODOS OS PROCEDIMENTOS, PRINT INDISPONÍVEL. CLIENTE CONFIRMA EM LINHA NORMALIZAÇÃO DE CONEXÃO. ;Modem sincronizado e autenticado;cliente info esta sem conexao nao consta massiva nao consta inadimp ngasp sincronismo consta queda delt cliente elegivel captive porem como nao consta nenhum debito efetuada todas atualizacoes cliente ciente todos procedimentos print indisponivel cliente confirma linha normalizacao conexao 
CLIENTE INFORMA QUE O SINAL FICA CONECTADO SEM INTERNET / @ PISCANDO SEM PARAR;Modem sincronizado e autenticado;cliente informa sinal fica conectado sem internet piscando sem parar
REALIZADO TESTES NORMALIZOU O SIANL;Modem sincronizado e autenticado;realizado testes normalizou sianl
Cliente informa que esta sem internet.Porem em sistema consta tudo sincronizado e autenticado.Solicitado que cliente desligue o modem e realizado procedimentos em sistema.Realizado procedimentos, solicitado que cliente religue o modem e tente utilizar a banda larga.Cliente realiza teste e informa que normalizou.NAO FINALIZADO POIS LIGAÇÃO CAIU.;Modem sincronizado e autenticado;cliente informa esta sem internet porem sistema consta tudo sincronizado autenticado solicitado cliente desligue modem realizado procedimentos sistema realizado procedimentos solicitado cliente religue modem tente utilizar banda larga cliente realiza teste informa normalizou nao finalizado pois ligacao caiu 
Desligar o Modem     Resetar a porta da MSAN via sistemas Tela Única e NGASP e religar o modem.     Confirmar no Regman se cliente está navegando na rede local por cabo (se não estiver exibindo o dispositivo, clicar em Update State)     Se o cliente não for GPON e não for Empresas (IP Fixo), consultar e atualizar o perfil no Portal COP 1.0 (AAA)     Pedir para cliente acessar o endereço do modem: 192.168.1.1     Verificar encaixe do cabo modem e no computador.     ;Modem sincronizado e autenticado;desligar modem resetar porta msan sistemas tela unica ngasp religar modem confirmar regman cliente esta navegando rede local cabo nao estiver exibindo dispositivo clicar update state cliente nao gpon nao empresas fixo consultar atualizar perfil portal pedir para cliente acessar endereco modem verificar encaixe cabo modem computador 
o cliente reclama que fios soltos na rua se passar um caminhão pode levar os fios, cliente informa está com internet, cliente pode ter prejuízos maior , e tomar medidas judicias. com sincronismo em sistema ;Modem sincronizado e autenticado;o cliente reclama fios soltos passar caminhao pode levar fios cliente informa esta com internet cliente pode prejuizos maior tomar medidas judicias com sincronismo sistema 
Realizamos os testes conforme as instruções da árvore e somente conecta em alguns dispositivos ;Modem sincronizado e autenticado;realizamos testes conforme instrucoes arvore somente conecta alguns dispositivos 
Desligar o Modem     Resetar a porta da MSAN via sistemas Tela Única e NGASP e religar o modem.     Confirmar no Regman se cliente está navegando na rede local por cabo (se não estiver exibindo o dispositivo, clicar em Update State)     Se o cliente não for GPON e não for Empresas (IP Fixo), consultar e atualizar o perfil no Portal COP 1.0 (AAA)     Pedir para cliente acessar o endereço do modem: 192.168.1.1     Verificar encaixe do cabo modem e no computador.     ;Modem sincronizado e autenticado;desligar modem resetar porta msan sistemas tela unica ngasp religar modem confirmar regman cliente esta navegando rede local cabo nao estiver exibindo dispositivo clicar update state cliente nao gpon nao empresas fixo consultar atualizar perfil portal pedir para cliente acessar endereco modem verificar encaixe cabo modem computador 
 o @ ACESSA A33CLIENTE SEM CONEXAO REALIZEI OS TESTE E NAO VOLTOU A FUNCIONAR SEM NGASP / CLIENTE GPON ;Modem sincronizado e autenticado; acessa cliente sem conexao realizei teste nao voltou funcionar sem ngasp cliente gpon 
RECLAMA AUSENCIA DA INTERNET 2.g - SOLICITADO OS PROCEDIMENTOS, NÃO TEM MASSIVA(PRINT INDISPONIVEL);Modem sincronizado e autenticado;reclama ausencia internet solicitado procedimentos nao tem massiva print indisponivel 
realizado os procedimentos acima ;Modem sincronizado e autenticado;realizado procedimentos acima 
cliente conectado sem internet!;Modem sincronizado e autenticado;cliente conectado sem internet 
Modem em vermelho no regman;Modem sincronizado e autenticado;modem vermelho regman
em linha  informa que a internet está lenta;Modem sincronizado e autenticado;em linha informa internet esta lenta
CLIENTE RELATA QUE ESTA SEM CONEXÃO, BROADBAND-ACESA FIXO @ APAGADA, NAO HA REGISTRO DE MASSIVA, SEM BLOQUEIO INADIMPLENCIA ;Modem sincronizado e autenticado;cliente relata esta sem conexao broadband acesa fixo apagada nao registro massiva sem bloqueio inadimplencia 
CONEXÃO SEM FUNCIONAR HÁ 3 DIAS . APÓS OS TESTES NÃO NORMALIZOU//TODAS AS LEDS ESTÃO ACESSAS MAS NOME O WIFI NÃO APARECE PARA CONECTAR;Modem sincronizado e autenticado;conexao sem funcionar dias apos testes nao normalizou todas leds estao acessas nome wifi nao aparece para conectar
CLIENTE INFORMA QUE NÃO CONSEGUE SE CONECTAR, INFORMA INTERNET INDISPONIVEL, NÃO EXISTE MASSIVA NEM BLOQUEIO;Modem sincronizado e autenticado;cliente informa nao consegue conectar informa internet indisponivel nao existe massiva bloqueio
Cliente sem acesso  internet, Led INTERNET piscando.Cliente não tem bloqueio e não tem massiva.Procedimentos efetuados com sucesso. ;Modem sincronizado e autenticado;cliente sem acesso internet led internet piscando cliente nao tem bloqueio nao tem massiva procedimentos efetuados com sucesso 
Modem esta devidamente sincronizado e autenticado, mas o cliente não navega. Ja fez teste via cabo e via wifi.;Modem sincronizado e autenticado;modem esta devidamente sincronizado autenticado cliente nao navega teste cabo wifi 
CLIENTE INFORMA QUE ESTA SEM CONEXÃO, SEM MASSIVAREALIZADO OS TESTES, SEM SUCESSO.;Modem sincronizado e autenticado;cliente informa esta sem conexao sem massivarealizado testes sem sucesso 
Cliente não consegue navegar na internet, procedimentos realizados e sinal normalizado.;Modem sincronizado e autenticado;cliente nao consegue navegar internet procedimentos realizados sinal normalizado 
modem sincronizado, sem massiva e sem bloqueio;Modem sincronizado e autenticado;modem sincronizado sem massiva sem bloqueio
Sem conexão, sem massiva. Modem autenticado e sincronizado. Testes realizados, sem normalização.;Modem sincronizado e autenticado;sem conexao sem massiva modem autenticado sincronizado testes realizados sem normalizacao 
feito os testes, sem sucesso, sem aceso ao cop 1.0 e regamn, e não pode conectar via cabo.;Modem sincronizado e autenticado;feito testes sem sucesso sem aceso regamn nao pode conectar cabo 
Cliente sem conexão, apesar de luzes importantes para funcionamento estarem acesas. Fiz procedimento e cliente confirma normalização.;Modem sincronizado e autenticado;cliente sem conexao apesar luzes importantes para funcionamento estarem acesas procedimento cliente confirma normalizacao 
Mesmo com todas as luzes acessas em seu modem não consegue se conectar coma internet, feito testes e não normalizou.;Modem sincronizado e autenticado;mesmo com todas luzes acessas modem nao consegue conectar coma internet feito testes nao normalizou 
O cliente informou que esta sem conexão,ele relatou que as luzes do molden estão todas acesas mais ele não tem acesso,foi verificado no sistema mais não consta nenhum registro de massiva na região e também não consta nenhum bloqueio. Foi realizado os procedimentos com o cliente mais ele relata que não esta conseguindo navegar.;Modem sincronizado e autenticado;o cliente informou esta sem conexao relatou luzes molden estao todas acesas mais nao tem acesso verificado sistema mais nao consta nenhum registro massiva regiao tambem nao consta nenhum bloqueio realizado procedimentos com cliente mais relata nao esta conseguindo navegar 
Cliente estava sem conexão com a internet, segundo o mesmo sempre que ocorre chuvas a internet para. Não consta massiva nem bloqueio. Foi realizado os procedimentos.;Modem sincronizado e autenticado;cliente estava sem conexao com internet segundo mesmo sempre ocorre chuvas internet para nao consta massiva bloqueio realizado procedimentos 
possui quedas, cliente relata muitas quedas, informa que seu moden está reiniciando sozinho. print anexo, aceita contato via whatsapp;Parâmetros Ruins;possui quedas cliente relata muitas quedas informa moden esta reiniciando sozinho print anexo aceita contato whatsapp
cliente reclama que está com intermitencia na conexão, consta parametros ruins ;Parâmetros Ruins;cliente reclama esta com intermitencia conexao consta parametros ruins 
CLIENTE RECLAMA QUE ESTÁ COM MUITA OSCILAÇÃO EM SUA CONEXÃO. CONSTA FALHA DE PARÂMETROS. Banda Larga Parâmetros RuinsCLIENTE RECLAMA QUE TELEFONE FIXO NÃO ESTÁ FUNCIONANDO.;Parâmetros Ruins;cliente reclama esta com muita oscilacao conexao consta falha parametros banda larga parametros ruinscliente reclama telefone fixo nao esta funcionando 
cliente reclama de quedas e oscilações em sistema mostra parametros ruins, segue print em anexo;Parâmetros Ruins;cliente reclama quedas oscilacoes sistema mostra parametros ruins segue print anexo
cliente informa que esta sem conexão, após realizado os procedimentos o problema foi resolvido;Parâmetros Ruins;cliente informa esta sem conexao apos realizado procedimentos problema resolvido
Informa que no momento que esta sem conexão,consta parâmetros ruins;Parâmetros Ruins;informa momento esta sem conexao consta parametros ruins
Cliente esta com parametros ruins.O memso esta com oscilações e quedas em determinados horarios do dia;Parâmetros Ruins;cliente esta com parametros ruins memso esta com oscilacoes quedas determinados horarios dia
CLIENTE COM PARAMETROS RUINS // CLIENTE NAO ESTA NA RESIDENCIA DE MANHA PREFERE QUE O TECNICO VA NO PERIODO DA TARDE !! Mensagem enviada para o WhatsApp ;Parâmetros Ruins;cliente com parametros ruins cliente nao esta residencia manha prefere tecnico va periodo tarde mensagem enviada para whatsapp 
PARAMETROS RUINS FEITO OS TESTES E NÃO ADIANTOU;Parâmetros Ruins;parametros ruins feito testes nao adiantou
CLIENTE IRA RETORNAR PARA REALIZAR TESTES;Parâmetros Ruins;cliente retornar para realizar testes
CLIENTE RECLAMA QUE ESTÁ SEM CONEXÃO. CONSTA FALHA DE PARÂMETROS. Banda Larga Parâmetros Ruins ;Parâmetros Ruins;cliente reclama esta sem conexao consta falha parametros banda larga parametros ruins 
CLIENTE SOB PARAMETROS RUINS. REALIZADO PROCEDIMENTOS COMO ATENUAÇÃO SEGUINDO ARVORE DE DECISÃO ;Parâmetros Ruins;cliente parametros ruins realizado procedimentos como atenuacao seguindo arvore decisao 
falha do acesso quedas falhas realizado o reset de porta porem o acesso apresenta parametro ruim ;Parâmetros Ruins;falha acesso quedas falhas realizado reset porta porem acesso apresenta parametro ruim 
Caros , cliente  reclama qiue não consegue conexão com internet , porém foi solicitado que fosse desligado modem na tomada inverteu pontas do cabo , feito reset sistemico , cliente ligou o mdem , reset fisico , porém falha persiste , em ferramenta   peço que verifiquem , grata.;Parâmetros Ruins;caros cliente reclama qiue nao consegue conexao com internet porem solicitado fosse desligado modem tomada inverteu pontas cabo feito reset sistemico cliente ligou mdem reset fisico porem falha persiste ferramenta peco verifiquem grata 
cliente relata quedas, parametros ruins;Parâmetros Ruins;cliente relata quedas parametros ruins
CLIENTE COM PARAMETROS RUINS . E INFORMA QUE QUANDO ESTA CHOVENDO NAO FUNCIONA ;Parâmetros Ruins;cliente com parametros ruins informa quando esta chovendo nao funciona 
Cliente reclama de lentidão na internet, testes realizados sem sucesso, porem cliente possui 150 megas e a instalação do cliente ao invés de ser de fibra ótica é de metálica. Verificar para confirmar se é compatível cliente receber a velocidade contratada de 150 megas. Medição consta 21 download, 26 upload e 9 ping.;Parâmetros Ruins;cliente reclama lentidao internet testes realizados sem sucesso porem cliente possui megas instalacao cliente inves fibra otica metalica verificar para confirmar compativel cliente receber velocidade contratada megas medicao consta download upload ping 
CLIENTE RELATA QUE SUA INTERNET CAI BASTANTE VERIFIQUEI QUE HAVIA QUEDAS E PARAMETROS RUINS, FIZ OS PROCEDIMENTOS NECESSARIOS FOI FEITO RESET NO NGASP, NO PORTAL COP, E AAA NÃO NORMALIZADO FOI ABERTO O CHAMADO ( QUEDAS COM PARAMETROS:;Parâmetros Ruins;cliente relata internet cai bastante verifiquei havia quedas parametros ruins procedimentos necessarios feito reset ngasp portal nao normalizado aberto chamado quedas com parametros 
cliente relata queda e lentidaofeitos os procediementos parametros ruins ;Parâmetros Ruins;cliente relata queda lentidaofeitos procediementos parametros ruins 
Cliente relata que esta sem internet, apos os testes, não voltou ao normal.;Parâmetros Ruins;cliente relata esta sem internet apos testes nao voltou normal 
CLIENTE RECLAMA QUE ESTÁ SEM CONEXÃO. CONSTA FALHA DE PARÂMETROS. Banda Larga Parâmetros Ruins.CLIENTE SOLICITA URGENCIA DEVIDO A ESTAR TRABALHANDO DE CASA . Mensagem enviada para o WhatsApp;Parâmetros Ruins;cliente reclama esta sem conexao consta falha parametros banda larga parametros ruins cliente solicita urgencia devido estar trabalhando casa mensagem enviada para whatsapp
CLIENTE RECLAMA DESDE DIA 26/12 LED PON FICA VERMELHO E CONEXÃO CAI, EM SISTEMA CONSTA ATENUAÇAO ALTA. REALIZADO RESET , NAO HA MASSIVA OU BLOQUEIO. APOS OS TESTES, PROBLEMA CONTINUA;Parâmetros Ruins;cliente reclama desde led fica vermelho conexao cai sistema consta atenuacao alta realizado reset nao massiva bloqueio apos testes problema continua
cliente informa baixa velocidade feito o reset cliente reiniciou o modem ;Parâmetros Ruins;cliente informa baixa velocidade feito reset cliente reiniciou modem 
cliente sem conexão, sem autenticação, ngasp apresenta parametros ruins. após testes ffalha persiste;Parâmetros Ruins;cliente sem conexao sem autenticacao ngasp apresenta parametros ruins apos testes ffalha persiste
cliente diz que nao foi normalizado e que mensagem que ela confirmou era pra tecnico ir no atendimento;Parâmetros Ruins;cliente nao normalizado mensagem confirmou tecnico atendimento
CLIENTE INFORMA QUE ESTA SEM ACESSO A INTERNET , NAO A MASSIVA , FEITOS OS TESTES , NAO VOLTOU  CONFORME PROCEDIMENTO Mensagem enviada para o WhatsApp ;Parâmetros Ruins;cliente informa esta sem acesso internet nao massiva feitos testes nao voltou conforme procedimento mensagem enviada para whatsapp 
RUIM  cliente esta com problema de quedas desde do dia 23 e se nao resolver ira na anatel ;Parâmetros Ruins;ruim cliente esta com problema quedas desde nao resolver anatel 
CLIENTE INFORMA QUE SUA CONEXÃO ESTA COM BASTANTE INTERMITENCIA, O MEMSO INFORMA QUE ESTE PROBLEMA É RECORRENTE E QUE DESEJA A VISITA DE UM TECNICO, SEM MASSIVA REALIZADO OS TESTES, SEM SUCESSO.;Parâmetros Ruins;cliente informa conexao esta com bastante intermitencia memso informa este problema recorrente deseja visita tecnico sem massiva realizado testes sem sucesso 
cliente reclama  de ocilacoes  na banda   nai  consta massiva teste feito para normalizacao do cliente  apos os teste  cliente   esta   com atenuacao nao da para anexar  print  estou em homerCliente é um VDSL ;Parâmetros Ruins;cliente reclama ocilacoes banda nai consta massiva teste feito para normalizacao cliente apos teste cliente esta com atenuacao nao para anexar print estou homercliente vdsl 
falha de paramteros. feito os procedimentos a falha persiste ;Parâmetros Ruins;falha paramteros feito procedimentos falha persiste 
cliente informa que sempre que chove sua conexão cai. ;Parâmetros Ruins;cliente informa sempre chove conexao cai 
cliente informa que esta com muitas quedas em sua conexao apos verificar cliente  esta com os parametros ruins sem massiva:  ;Parâmetros Ruins;cliente informa esta com muitas quedas conexao apos verificar cliente esta com parametros ruins sem massiva 
cliente esta sem sinal quando chove, verifiquei esta com parametros ruins ;Parâmetros Ruins;cliente esta sem sinal quando chove verifiquei esta com parametros ruins 
CLIENTE COM QUEDAS, VERIFICADO EM SISTEMA, NÃO CONSTA BLOQUEIOS OU MASSIVA, ACESSO SINCRONIZADO E COM PARAMETROS RUINS ;Parâmetros Ruins;cliente com quedas verificado sistema nao consta bloqueios massiva acesso sincronizado com parametros ruins 
sem acesso a internet cleinte aparentemente com paramentros ruins ;Parâmetros Ruins;sem acesso internet cleinte aparentemente com paramentros ruins 
cliente informa quedas quedas frequentes feito o reset cliente informa que quedas ocorrem quando chove cliente reiniciou o modem ;Parâmetros Ruins;cliente informa quedas quedas frequentes feito reset cliente informa quedas ocorrem quando chove cliente reiniciou modem 
Cliente reclama que a mais de 2 meses está com ocilação e quedas na conexão.;Parâmetros Ruins;cliente reclama mais meses esta com ocilacao quedas conexao 
quedas na rede realizado os testes acima................cliente informa que tem urgencia ao reparos tecnicos,por gentileza uma atençao ao Agendamento..........................;Parâmetros Ruins;quedas rede realizado testes acima cliente informa tem urgencia reparos tecnicos gentileza atencao agendamento 
cliente sem conexão , sem massiva , sem bloqueio,cliente informa led de internet apagado,em sistema consta sincronizado e autenticado , parametros ruins;Parâmetros Ruins;cliente sem conexao sem massiva sem bloqueio cliente informa led internet apagado sistema consta sincronizado autenticado parametros ruins
CLIENTE INFO QUE ESTÁ SEM CONEXÃO, NÃO CONSTA MASSIVA, NÃO CONSTA BL. INADIMP. EM NGASP SINCRONISMO OK, PORÉM EM DELT M., CONSTA 94 QUEDAS E KL0 ESTÁ A 8.4 GERANDO PROBLEMA DE PARÂMETROS RUINS, FOI EFETUADO TODOS OS PROCEDIMENTOS DE ATUALIZAÇÃO, CLIENTE CIENTE DE ABERTURA DE OTT PARA REPARO E DE TODOS OS PROCEDIMENTOS, PRINT INDISPONÍ;Parâmetros Ruins;cliente info esta sem conexao nao consta massiva nao consta inadimp ngasp sincronismo porem delt consta quedas esta gerando problema parametros ruins efetuado todos procedimentos atualizacao cliente ciente abertura para reparo todos procedimentos print indisponi
CLIENTE RECLAMA QUE ESTÁ SEM CONEXÃO. CONSTA FALHA DE PARÂMETROS. ;Parâmetros Ruins;cliente reclama esta sem conexao consta falha parametros 
cliente informa que esta sem conexão, após realizado os procedimentos o problema não foi resolvido ;Parâmetros Ruins;cliente informa esta sem conexao apos realizado procedimentos problema nao resolvido 
CLIENTE ESTA COM PARAMETROS RUINS, APOS OS TESTES NÃO NORMALIZOU;Parâmetros Ruins;cliente esta com parametros ruins apos testes nao normalizou
Cliente informa estar sem conexão. Computador home based não tira print.Cliente sem massivas e sem bloqueios;Parâmetros Ruins;cliente informa estar sem conexao computador home based nao tira print cliente sem massivas sem bloqueios
cliente informa que esta com problemas em sua conexao apso veriicar cliente  esta com os parametros ruins porem nao foi possivel fazer os testes no momento pois cliente informa que nao pode desligar o modem e informa que daqui 30 minutos entra em contato denovo para conseguir efetuar os tetes necessarios para abertura chamado para tecnico em campo ;Parâmetros Ruins;cliente informa esta com problemas conexao apso veriicar cliente esta com parametros ruins porem nao possivel fazer testes momento pois cliente informa nao pode desligar modem informa daqui minutos entra contato denovo para conseguir efetuar tetes necessarios para abertura chamado para tecnico campo 
CLIENTE RECLMA DA SUA CONEXÃO E DIZ QUE PROBLEMA É FREQUENTE /// ;Parâmetros Ruins;cliente reclma conexao problema frequente 
cliente esta sem internet verifiquei que esta com parametros fiz os teste e esta o mesmo irei encaminhar Mensagem enviada para o WhatsApp ;Parâmetros Ruins;cliente esta sem internet verifiquei esta com parametros teste esta mesmo irei encaminhar mensagem enviada para whatsapp 
Cliente relata que esta sem internet, apos os testes, não voltou ao normal.;Parâmetros Ruins;cliente relata esta sem internet apos testes nao voltou normal 
SR RELATA LENTIDÃO DE 6MB E ISSO ATRAPALHA EM SUAS. EM SISTEMA NÃO CONSTA BLOQUEIO OU MASSIVA MAS APRESENTA PARÂMETROS RUINS. CIENTE SOBRE ORDEM TÉCNICA E AGENDAMENTO VIA WHATSAPP.;Parâmetros Ruins;sr relata lentidao isso atrapalha suas sistema nao consta bloqueio massiva apresenta parametros ruins ciente sobre ordem tecnica agendamento whatsapp 
CANAL BAIXO NO WIFI alterado cliente esta , reclamando a oxilaçao a pouco de perca do sinal . os parametros esta pouco ruim. ;Parâmetros Ruins;canal baixo wifi alterado cliente esta reclamando oxilacao pouco perca sinal parametros esta pouco ruim 
cliente informa que a internet esta lenta realizado teste com sucesso.obs.: cliente não tem computador teste feito via WIFI.;Baixa Velocidade;cliente informa internet esta lenta realizado teste com sucesso cliente nao tem computador teste feito wifi 
RECLAMA VELOCIDADE DA INTERNET - INFORMADO SOBRE A GARANTIA DO SINAL NO CABO E TESTE FEITO NO COMPUTADOR, SOLICITADO OS PROCEDIMENTOS. O MESMO INFORMA QUE NÃO POSSUI O COMPUTADOR ;Baixa Velocidade;reclama velocidade internet informado sobre garantia sinal cabo teste feito computador solicitado procedimentos mesmo informa nao possui computador 
cliente com baixa velocidade AAA atualizado com sucesso PING 16 DOWNLOAD não informado UPLOAD 2- - - PING 19DOWNLOAD  5UPLOAD não informado;Baixa Velocidade;cliente com baixa velocidade atualizado com sucesso ping download nao informado upload ping download upload nao informado
CLIENTE Entrou em contato informando que está COM BAIXA VELOCIDADE, realizamos os testes conforme as instruções da árvore  normalizou. ;Baixa Velocidade;cliente entrou contato informando esta com baixa velocidade realizamos testes conforme instrucoes arvore normalizou 
CLIENTE COM LENTIDÃO NA CONEXÃO ;Baixa Velocidade;cliente com lentidao conexao 
cliente relatou que não estava chegando aos 400 mg, antes de fazer os procedimentos, foi normalizada.;Baixa Velocidade;cliente relatou nao estava chegando antes fazer procedimentos normalizada 
CLIENTE ESTA COM BAIXA VELOCIDADE, FOI FEITO A VERIFICAÇÃO E FOI VISTO QUE ELE ESTA RECEBENDO SÓ 10MB SENDO QUE ELE TEM CONTRATADO 60MB. FOI FEITO OS TESTES E MESO ASSIM NÃO NORMALIZOU.;Baixa Velocidade;cliente esta com baixa velocidade feito verificacao visto esta recebendo sendo tem contratado feito testes meso assim nao normalizou 
Cliente informa que esta com sua banda larga bastante lenta e não chega ao contratado, não se encontra massiva e nem ordem de redução. DOWN: 31.66;Baixa Velocidade;cliente informa esta com banda larga bastante lenta nao chega contratado nao encontra massiva ordem reducao down 
lentidao sem computador para teste. ;Baixa Velocidade;lentidao sem computador para teste 
Cliente que possui o Telefone respondeu SIM na Mensagem Recebida pelo WhatsApp.;Baixa Velocidade;cliente possui telefone respondeu mensagem recebida pelo whatsapp 
Cliente informa que esta com baixa velocidade.;Baixa Velocidade;cliente informa esta com baixa velocidade 
cliente informa que esta com sinal lento e intermitente, de acordo com o cliente a velocidade também esta abaixo da contratada e o sinal não esta alcançando todos os cômodos da casa.;Baixa Velocidade;cliente informa esta com sinal lento intermitente acordo com cliente velocidade tambem esta abaixo contratada sinal nao esta alcancando todos comodos casa 
CLIENTE RECLAMA DE LENTIDÃO.NÃO CONSTA BLOQUEIO NEM MASSIVA. SEGUNDO INFO LIVE REDE ESTA SINCRONIZADA E AUTENTICADA SEM NENHUMA INTERFERÊNCIA.TESTE DE VELOCIDADE:1° TESTE - PING: 10MS DOWNLOAD:94,00MB UPLOAD:94,00MB 2° TESTE - PING:08MS DOWNLOAD:93,05MB UPLOAD:94,85MB3° TESTE - PING:06MS DOWNLOAD:93,00MB UPLOAD:94,00MB**Solicitação de Reset NGASP enviada com sucesso.**AAA atualizado com sucesso.APOS TESTES REDE NÃO ATINGE VALOR CONTRATADO. PLACA DE REDE É COMPATÍVEL (GPON).;Baixa Velocidade;cliente reclama lentidao nao consta bloqueio massiva segundo info live rede esta sincronizada autenticada sem nenhuma interferencia teste velocidade ° teste ping ms download upload ° teste ping ms download upload ° teste ping ms download upload solicitacao reset ngasp enviada com sucesso atualizado com sucesso apos testes rede nao atinge valor contratado placa rede compativel gpon 
CLIENTE COM BAIXA VELOCIDADE, BATENDO 3 DE DOWN, APOS OS TESTES O PROBLEMA CONTINUA DANDO VALORES EM KBPS;Baixa Velocidade;cliente com baixa velocidade batendo down apos testes problema continua dando valores kbps
cliente informa que esta tendo quedas constantes na conexão . e baixa velocidade . realizados os testes sem sucesso . verificado em sistema não consta massiva/sem bloqueio.;Baixa Velocidade;cliente informa esta tendo quedas constantes conexao baixa velocidade realizados testes sem sucesso verificado sistema nao consta massiva sem bloqueio 
cliente informa que a sua conexão está apresentando lentidões, o mesmo disse que realizou um teste pelo computador cabeado e deu em média de 30 mega de velocidade, sendo que o seu plano é o de 150 mega-----------------------------------------------------------------------------------------------------------------------------------------------------------------------------------NOTAS ADICIONAIS:1° TestePING: 2 msDOWNLOAD: 116.8 MbpsUPLOAD: 64.3 Mbps2° TestePING: 4 msDOWNLOAD: 154 MbpsUPLOAD: 64.7 Mbps;Baixa Velocidade;cliente informa conexao esta apresentando lentidoes mesmo disse realizou teste pelo computador cabeado media mega velocidade sendo plano mega notas adicionais ° testeping msdownload mbpsupload mbps ° testeping msdownload mbpsupload mbps
CLIENTE SEM SINAL DE INTERNT ,FEITO TESTES COM O MESMO EM LINHA SOBRE VELOCIDADE INORMA QUE ESTA RECEBENDO 100 MG VIA CABO ,O QUAL O MEMSO POSSUI 400 MG DE SERVIÇO,FAVOR VERIFICAR  DOW 56,7    UP 4,3  PING 382 DOW 42,51    UP 2,20   PIN 282 DOW 31,72             UP 2,14     PING  222;Baixa Velocidade;cliente sem sinal internt feito testes com mesmo linha sobre velocidade inorma esta recebendo cabo qual memso possui servico favor verificar dow up ping dow up pin dow up ping 
Cliente reclama de baixa velocidade pelo cabo de rede:Primeiro teste: Down 7,64 - Uplo *não apareceu* - Ping 11,00Segundo teste: Down 51,46 - Uplo 28,76 - Ping ;Baixa Velocidade;cliente reclama baixa velocidade pelo cabo rede primeiro teste down uplo nao apareceu ping segundo teste down uplo ping 
cliente nao esta com computador para realkizar teste de velocidade  foi feito atualizaçao ;Baixa Velocidade;cliente nao esta com computador para realkizar teste velocidade feito atualizacao 
Cliente reclama que não esta batendo o valor do contratado porem tem o computador mas disse que o computador esta longe para fazer o teste... ;Baixa Velocidade;cliente reclama nao esta batendo valor contratado porem tem computador disse computador esta longe para fazer teste 
cliente não tem como realizar testes no momento e nem fazer a mudança de senha no momento ;Baixa Velocidade;cliente nao tem como realizar testes momento fazer mudanca senha momento 
Cliente reclama de baixa velocidade . Velocidade contratada: 200 + 200Velocidade que está recebendo: 150  conectado via cabo. cliente reclama por não receber o contratado. Procedimentos efetuados, por favor tratar . Não tem massiva e não tem bloqueio. ;Baixa Velocidade;cliente reclama baixa velocidade velocidade contratada velocidade esta recebendo conectado cabo cliente reclama nao receber contratado procedimentos efetuados favor tratar nao tem massiva nao tem bloqueio 
Cliente informa que esta com baixa velocidade. ;Baixa Velocidade;cliente informa esta com baixa velocidade 
Cliente informa que esta com baixa velocidade.;Baixa Velocidade;cliente informa esta com baixa velocidade 
Cliente relata lentidão na conexão. Feito procedimentos em sistema. Cliente conectado via cabo. Speedtest.net.Download: 2.85 Upload: 00 ping: 41-------------------------------------------------------------------------------------;Baixa Velocidade;cliente relata lentidao conexao feito procedimentos sistema cliente conectado cabo speedtest net download upload ping 
ping:249   download:43,52  upload: 0                        cliente informa que não esta conseguindo realizar os testes, o site não carrega;Baixa Velocidade;ping download upload cliente informa nao esta conseguindo realizar testes site nao carrega
está alcaçando apenas 94 megas e não desde do contratado94,7894,76a placa de rede da cliente não é compativel com a rede da tim;Baixa Velocidade;esta alcacando apenas megas nao desde contratado placa rede cliente nao compativel com rede tim
REALIZADO  TESTES  RECLAMA  DE  MUITA  LENTIDÃO   PING 18MS ,  DOWNLOAD 0.47 ,  UPLOAD 0.25;Baixa Velocidade;realizado testes reclama muita lentidao ping ms download upload 
teste 1 dow:0.36 ping:45 teste 2 dow:0.39 up:ping: 135;Baixa Velocidade;teste dow ping teste dow up ping 
cliente questiona lentidão porem tem 17 equipamentos conectados  e a ligação caiu ;Baixa Velocidade;cliente questiona lentidao porem tem equipamentos conectados ligacao caiu 
Cliente informa que esta com baixa velocidade. ;Baixa Velocidade;cliente informa esta com baixa velocidade 
Cliente informa que a lâmpada do modem está piscando em vermelho, técnico já compareceu até o local porém o problema de baixa velocidade não foi solucionado. Procedimento de RESET efetuado pelo NGASP. ;Baixa Velocidade;cliente informa lampada modem esta piscando vermelho tecnico compareceu local porem problema baixa velocidade nao solucionado procedimento reset efetuado pelo ngasp 
Entrou em contato informando que a sua conexão vem a alguns dias muito lenta, realizamos os testes conforme as instruções da árvore e normalizou;Baixa Velocidade;entrou contato informando conexao alguns dias muito lenta realizamos testes conforme instrucoes arvore normalizou
PING, DOWNLOAD: 51.89 UPLOAD: 56.78 Feito os procedimentos, foi normalizada. ;Baixa Velocidade;ping download upload feito procedimentos normalizada 
cliente informa que esta com baixa velocidade . realizados os testes com sucesso. ;Baixa Velocidade;cliente informa esta com baixa velocidade realizados testes com sucesso 
1° Teste:  PING 12, DOWN 32,21 , UP 32.162° Teste PING 6 , DOWN 33,56, UP 32.303° Teste PING 11, DOWN 27.15, UP 32,28  não normalizou encaminhado nivel2 ;Baixa Velocidade; ° teste ping down up ° teste ping down up ° teste ping down up nao normalizou encaminhado nivel 
primeiro teste : download 142.82 upload: 5.89 ping: 27------------------------------------------------------------------------Erro ao atualizar AAA: Parâmetros inválidos - Campo city é obrigatório------------------------------------------------------------------------2º teste:download 12.84 up 5.73 ping 13-----------------------------------------------------------------------3º teste downlaod 5.83, up  64 ping 18 Placa em 1 GB ;Baixa Velocidade;primeiro teste download upload ping erro atualizar parametros invalidos campo city obrigatorio º teste download up ping º teste downlaod up ping placa 
CLIENTE RECLAMA QUE NÃO ESTA RECEBENDO OS 400 BM , POREM NÃO POSSUI CABO CONECTADO NO MODEM CLIENTE INFORMA QUE VAI RETORNA CONTATO DEPOIS;Baixa Velocidade;cliente reclama nao esta recebendo bm porem nao possui cabo conectado modem cliente informa retorna contato depois
CLIENTE ESTA COM LENTIDAO  POREM NAO COMPUTADOR VIA CABO PARA FAZER TESTES NO MOMENTO ;Baixa Velocidade;cliente esta com lentidao porem nao computador cabo para fazer testes momento 
CLIENTE INFROMA QUE FOI ATENDIDA POR UMA ATENDENDE ANTERIOR MAS A LIGAÇÃO CAIU, JA FEZ OS TESTES E NAO VOLTOU. ;Baixa Velocidade;cliente infroma atendida atendende anterior ligacao caiu testes nao voltou 
1° Teste : PING  2 DOWNLOAD   21 ,2 UPLOAD 27,85 2° Teste : PING  1 DOWNLOAD   77,45 UPLOAD   53,26 3° Teste : PING  18 DOWNLOAD   97,02 UPLOAD   29,11 ;Baixa Velocidade; ° teste ping download upload ° teste ping download upload ° teste ping download upload 
Cliente informa que esta com baixa velocidade. ;Baixa Velocidade;cliente informa esta com baixa velocidade 
CLIENTE INFORMA QUE ESTA COM BAIXA VELOCIDADE . REALIZADOS OS TESTES SEM SUCESSO . VERIFICADO EM SISTEMA NÃO CONSTA MASSIVA / SEM BLOQUEIO. ;Baixa Velocidade;cliente informa esta com baixa velocidade realizados testes sem sucesso verificado sistema nao consta massiva sem bloqueio 
averiguei se era algum problema de massiva . pedi ao cliente desligar o modem . resetei a porta port eth resetei a porta on pedi para o cliente ligar o;Baixa Velocidade;averiguei algum problema massiva pedi cliente desligar modem resetei porta port eth resetei porta pedi para cliente ligar o
CLIENTE ALEGA LENTIDÃO EM SUA INTERNET E QUE O VOIP NÃO FUNCIONA DESDE TROCOU O MODEM. FEITOS PROCEDIMENTOS E O RESULTADO DO TESTE: PING: 37MS DOWNLOAD: 49.8MB UPLOAD: 45.5MB;Baixa Velocidade;cliente alega lentidao internet voip nao funciona desde trocou modem feitos procedimentos resultado teste ping ms download upload mb
CLIENTE INFORMA QUE A LUZ DO PON ESTÁ EM VERMELHO E COM ISSO O SINAL ESTA INTERMITENTE E COM MUITA LENTIDÃOPING 33  DOWNLOAD 0.29   UPLOAD 1PING 35  DOWNLOAD 2   UPLOAD  14 ;Baixa Velocidade;cliente informa luz esta vermelho com isso sinal esta intermitente com muita lentidaoping download upload ping download upload 
CLIENTE ESTA COM BAIXA VELOCIDADE, FOI FEITO A VERIFICAÇÃO E FOI VISTO QUE ELE ESTA RECEBENDO SÓ 1MB SENDO QUE ELE TEM CONTRATADO 40MB. FOI FEITO OS TESTES E MESO ASSIM NÃO NORMALIZOU. ;Baixa Velocidade;cliente esta com baixa velocidade feito verificacao visto esta recebendo sendo tem contratado feito testes meso assim nao normalizou 
TESTE DE VELOCIDADEDOW: 310PING: 3UP: 125;Baixa Velocidade;teste velocidadedow ping up 
Cliente sem conexão o mesmo já ligou aqui dia 27-12, mas o FUP fechou o protocolo do cliente por falta de contato. ;Baixa Velocidade;cliente sem conexao mesmo ligou aqui fechou protocolo cliente falta contato 
CLIENTE ESTA COM BAIXA VELOCIDADE, FOI TROCADO PARA 400 MEGAS E AINDA SIM ESTA BATENDO 35 MEGAS , MUITO A BAIXO DO CONTRATADO;Baixa Velocidade;cliente esta com baixa velocidade trocado para megas ainda esta batendo megas muito baixo contratado
